vessel_type,displacement,draft,engine_power,ice_thickness,ice_concentration,ice_class_code,fuel_per_nm
icebreaker,23417.7,8.1,36078.7,0.0,0.0193,2,0.009418
icebreaker,21072.1,9.34,29757.3,0.323,0.0585,2,0.009996
icebreaker,24010.2,9.06,38350.3,0.997,0.5484,2,0.020297
icebreaker,22881.6,7.72,33907.5,0.625,0.0418,2,0.009351
icebreaker,18659.2,9.49,26890.4,0.747,0.3686,2,0.011033
icebreaker,24829.4,9.26,27155.8,1.967,0.7909,2,0.056524
icebreaker,23328.0,8.07,35396.4,1.273,0.5562,2,0.021006
icebreaker,23502.5,9.17,27594.2,0.0,0.0971,2,0.010258
icebreaker,18896.8,7.71,32609.4,1.022,0.0215,2,0.007672
icebreaker,21152.7,9.5,39876.6,0.823,0.5822,2,0.015517
icebreaker,20595.6,8.83,25060.1,0.492,0.2182,2,0.010638
icebreaker,24487.4,8.8,25248.7,0.493,0.1942,2,0.012866
icebreaker,22507.1,7.68,39896.3,0.32,0.0315,2,0.008918
icebreaker,23759.3,9.29,33769.6,1.97,0.9995,2,0.077492
icebreaker,21103.9,7.56,26903.6,1.623,0.8725,2,0.038948
icebreaker,19590.7,7.98,38459.5,0.162,0.1316,2,0.007496
icebreaker,21882.1,7.79,38205.7,0.23,0.1588,2,0.010451
icebreaker,18446.7,9.05,33043.0,0.664,0.5211,2,0.011655
icebreaker,23793.4,7.9,34326.9,1.755,0.4539,2,0.02277
icebreaker,22421.7,9.32,29097.8,0.564,0.0723,2,0.011083
icebreaker,23306.6,8.81,25757.8,0.566,0.0161,2,0.011345
icebreaker,20481.7,7.57,33918.5,0.666,0.1471,2,0.010135
icebreaker,24794.9,7.51,29421.3,0.684,0.3579,2,0.010725
icebreaker,24251.8,7.6,34954.3,0.768,0.1635,2,0.010693
icebreaker,23448.7,8.71,37543.7,0.0,0.0838,2,0.010534
icebreaker,19362.5,9.1,25272.4,0.062,0.0936,2,0.009253
icebreaker,21267.0,7.98,33935.7,0.122,0.0646,2,0.009712
icebreaker,18306.6,9.2,28469.2,2.047,0.9172,2,0.062181
icebreaker,19080.0,7.61,38108.3,0.693,0.0361,2,0.009026
icebreaker,22781.3,9.1,28805.0,0.181,0.0425,2,0.010374
icebreaker,23213.3,9.36,34161.6,1.169,0.5744,2,0.018292
icebreaker,24772.6,9.04,33303.1,1.909,0.9492,2,0.065476
icebreaker,20280.8,8.9,30942.5,0.924,0.5679,2,0.016563
icebreaker,20593.2,9.18,35164.3,1.186,0.4342,2,0.015115
icebreaker,21286.9,7.58,35886.5,0.862,0.5187,2,0.014848
icebreaker,19326.3,7.9,33504.1,0.828,0.5968,2,0.015135
icebreaker,18909.5,7.75,36376.3,0.422,0.5003,2,0.010546
icebreaker,21329.9,8.51,39751.3,0.153,0.0373,2,0.007624
icebreaker,19588.4,8.99,31289.1,0.639,0.1779,2,0.009532
icebreaker,22688.7,8.76,32718.7,0.165,0.0188,2,0.011609
icebreaker,21060.1,9.2,25187.0,0.653,0.5653,2,0.013834
icebreaker,23828.7,7.81,36940.4,0.151,0.1202,2,0.00876
icebreaker,22901.9,8.97,32803.5,1.814,0.6944,2,0.03988
icebreaker,20186.6,7.89,31119.4,0.33,0.0401,2,0.009066
icebreaker,23825.8,8.04,26411.1,0.488,0.194,2,0.012005
icebreaker,23633.4,8.92,38344.8,0.206,0.2072,2,0.011294
icebreaker,20712.3,9.46,30925.1,1.472,0.6964,2,0.028673
icebreaker,20018.3,8.72,35238.7,1.804,0.6618,2,0.031628
icebreaker,22777.5,7.61,27240.6,0.663,0.461,2,0.013603
icebreaker,18978.3,8.73,39423.2,1.269,0.7568,2,0.027278
icebreaker,19399.4,7.58,27676.6,0.418,0.0095,2,0.009141
icebreaker,18051.5,9.27,27993.1,0.389,0.0423,2,0.008101
icebreaker,23508.5,8.92,37884.7,1.922,0.9282,2,0.064946
icebreaker,22654.0,7.85,38688.7,0.0,0.0359,2,0.010437
icebreaker,22936.2,7.68,28182.2,0.939,0.6063,2,0.018484
icebreaker,23465.1,7.87,32047.0,0.716,0.0659,2,0.010088
icebreaker,21212.4,9.46,36002.4,0.473,0.0856,2,0.011415
icebreaker,21981.2,8.42,38175.5,0.0,0.0964,2,0.010438
icebreaker,18978.6,9.07,30685.8,0.0,0.0496,2,0.010833
icebreaker,18801.7,8.77,32755.3,0.768,0.2009,2,0.009918
icebreaker,22678.8,8.64,36125.7,0.344,0.4854,2,0.011572
icebreaker,21297.7,7.79,35967.0,0.0,0.082,2,0.009026
icebreaker,21956.7,9.39,36744.4,0.103,0.0829,2,0.010076
icebreaker,23355.0,8.1,33549.0,1.731,0.7165,2,0.032511
icebreaker,22443.0,8.66,26569.2,0.713,0.0787,2,0.008604
icebreaker,21875.1,8.9,38559.6,1.686,0.6768,2,0.030481
icebreaker,21914.5,8.8,37983.6,0.68,0.1404,2,0.011285
icebreaker,20127.7,9.38,36971.5,1.432,0.7612,2,0.027935
icebreaker,18215.7,7.8,26497.9,0.335,0.0669,2,0.009604
icebreaker,21057.0,8.52,28066.0,0.353,0.0866,2,0.009874
icebreaker,19502.1,8.31,36154.0,0.0,0.0271,2,0.009765
icebreaker,20859.7,8.45,25347.1,2.05,0.9042,2,0.061534
icebreaker,23973.8,7.74,39688.4,1.93,0.8946,2,0.059372
icebreaker,19637.6,7.77,30657.2,1.31,0.7059,2,0.022372
icebreaker,18408.1,8.06,35789.7,1.027,0.5357,2,0.016091
icebreaker,19969.7,8.11,38313.6,1.017,0.5281,2,0.015452
icebreaker,20055.2,8.36,30919.4,0.253,0.0118,2,0.009505
icebreaker,22633.4,8.72,29787.0,1.381,0.5683,2,0.022898
icebreaker,21899.2,8.77,34131.1,1.117,0.7629,2,0.022927
icebreaker,23487.3,8.32,33714.8,1.838,0.7233,2,0.03967
icebreaker,22650.2,8.32,31137.1,0.354,0.0389,2,0.011666
icebreaker,20844.7,7.94,34026.6,0.0,0.0379,2,0.008996
icebreaker,23698.1,8.68,39030.7,0.817,0.3717,2,0.014627
icebreaker,19168.8,8.13,32014.6,0.266,0.027,2,0.009595
icebreaker,18159.0,7.57,27951.1,1.158,0.5321,2,0.016266
icebreaker,18630.3,8.34,30658.1,0.518,0.069,2,0.009012
icebreaker,23056.5,8.45,30911.6,0.824,0.1179,2,0.009323
icebreaker,21233.1,7.95,26966.6,0.364,0.0205,2,0.009707
icebreaker,19128.9,8.64,27443.1,2.039,0.9166,2,0.049314
icebreaker,21507.3,8.63,35268.4,0.266,0.0451,2,0.010911
icebreaker,19066.2,8.9,30092.2,1.819,0.7755,2,0.037843
icebreaker,22874.2,8.8,39323.5,0.509,0.0852,2,0.011513
icebreaker,21123.1,8.8,28654.0,0.502,0.0284,2,0.009265
icebreaker,20667.1,8.13,26483.9,0.716,0.0265,2,0.008382
icebreaker,20110.6,9.07,36302.6,1.814,0.5579,2,0.026783
icebreaker,22412.0,8.6,38215.5,1.019,0.3309,2,0.014035
icebreaker,20532.7,8.36,29171.7,0.623,0.0563,2,0.009315
icebreaker,18613.5,8.75,28031.3,2.091,0.9979,2,0.072084
icebreaker,18826.0,8.22,27786.5,0.705,0.2738,2,0.012583
icebreaker,24733.3,8.53,32830.2,0.916,0.3174,2,0.015164
icebreaker,24360.1,8.97,32026.2,0.438,0.0099,2,0.011725
icebreaker,22897.9,9.27,28891.6,0.313,0.3225,2,0.012404
icebreaker,19861.1,9.34,25677.6,1.616,0.6525,2,0.030458
icebreaker,24784.2,8.51,32222.4,0.183,0.0775,2,0.010726
icebreaker,23451.3,8.54,39390.0,0.241,0.2553,2,0.009406
icebreaker,23018.2,9.1,34787.8,1.992,0.6679,2,0.039292
icebreaker,21145.5,8.13,32432.6,1.131,0.6325,2,0.020259
icebreaker,19905.7,9.17,26660.4,1.108,0.9053,2,0.02427
icebreaker,18674.7,8.49,28786.5,1.792,0.8572,2,0.040302
icebreaker,24318.2,7.73,29421.6,0.2,0.3843,2,0.010361
icebreaker,21190.4,7.64,36472.1,0.0,0.2029,2,0.010061
icebreaker,19416.5,9.18,38150.7,0.544,0.0879,2,0.010363
icebreaker,20141.7,7.61,38524.6,0.209,0.0566,2,0.009277
icebreaker,22054.5,8.06,39768.5,1.945,0.7977,2,0.047333
icebreaker,19237.4,8.17,39735.5,0.778,0.5495,2,0.013452
icebreaker,23996.3,7.85,39295.0,0.322,0.2932,2,0.011213
icebreaker,23309.6,8.13,26077.3,1.252,0.6794,2,0.021539
icebreaker,23036.2,8.99,27066.9,1.332,0.7844,2,0.025189
icebreaker,21024.7,7.53,29567.0,0.385,0.0053,2,0.009099
icebreaker,22391.2,9.15,33293.5,0.269,0.0172,2,0.010639
icebreaker,22088.7,9.21,26454.7,1.434,0.6781,2,0.029504
icebreaker,22548.9,8.24,37687.0,0.0,0.0166,2,0.010962
icebreaker,18591.1,7.81,34251.3,0.0,0.0563,2,0.009318
icebreaker,20910.7,8.7,33135.5,0.743,0.1449,2,0.009969
icebreaker,18291.3,7.74,27479.7,0.905,0.3598,2,0.011163
icebreaker,21457.9,8.23,28798.8,1.258,0.7607,2,0.025656
icebreaker,20309.0,9.42,27404.7,1.959,0.77,2,0.052179
icebreaker,19011.7,9.49,37779.0,0.0,0.0163,2,0.010377
icebreaker,18723.8,9.04,33763.4,0.435,0.0499,2,0.010007
icebreaker,22113.5,8.12,36026.9,1.07,0.5886,2,0.01766
icebreaker,19194.2,8.88,29440.5,0.931,0.6791,2,0.016164
icebreaker,24475.8,8.91,30568.8,1.579,0.9129,2,0.048502
icebreaker,22067.4,8.28,31072.8,0.049,0.214,2,0.009089
icebreaker,20428.1,8.78,36400.2,1.444,0.8201,2,0.030571
icebreaker,22136.4,7.52,36585.3,0.357,0.1768,2,0.009839
icebreaker,18159.6,7.92,28102.2,0.0,0.0924,2,0.009244
icebreaker,24709.9,8.55,39123.1,0.815,0.4061,2,0.014559
icebreaker,21376.1,7.83,26809.8,0.966,0.2143,2,0.009455
icebreaker,23479.1,7.83,38441.8,0.891,0.3378,2,0.013851
icebreaker,18579.1,9.17,26505.9,1.636,0.5859,2,0.022556
icebreaker,21406.6,9.48,28968.1,0.533,0.2892,2,0.011946
icebreaker,21434.9,8.61,37697.2,0.405,0.0066,2,0.009708
icebreaker,24564.8,9.18,27692.4,0.267,0.0589,2,0.011024
icebreaker,22002.1,9.48,31203.5,0.595,0.2721,2,0.012916
icebreaker,21314.4,7.78,31747.9,1.151,0.4524,2,0.013863
icebreaker,19868.8,8.4,28678.9,0.22,0.0357,2,0.00886
icebreaker,20321.0,8.29,35653.7,0.28,0.0391,2,0.009751
icebreaker,21644.7,7.66,37770.0,0.604,0.0476,2,0.00911
icebreaker,21072.4,9.01,38118.6,1.16,0.5737,2,0.016994
icebreaker,18151.3,8.37,30089.8,1.326,0.6862,2,0.022219
icebreaker,23784.0,8.44,32962.8,1.768,0.7914,2,0.045318
icebreaker,24273.1,7.8,28726.1,0.778,0.0176,2,0.010222
icebreaker,18981.7,7.86,28671.9,1.528,0.8209,2,0.025862
icebreaker,21878.3,9.31,27418.8,0.527,0.026,2,0.010934
icebreaker,18760.0,7.59,39100.3,1.676,0.5717,2,0.019196
icebreaker,22705.7,7.97,38319.8,0.466,0.3837,2,0.011917
icebreaker,19968.6,8.08,36660.4,0.637,0.0321,2,0.008597
icebreaker,22616.0,8.48,32764.9,0.696,0.213,2,0.010695
icebreaker,23089.0,8.67,32359.1,0.085,0.1537,2,0.010111
icebreaker,23380.5,8.49,32946.2,0.361,0.1788,2,0.010821
icebreaker,18754.2,7.67,33048.5,0.388,0.01,2,0.008025
icebreaker,24412.1,7.99,31518.4,0.843,0.413,2,0.015153
icebreaker,19611.5,9.19,26976.3,0.311,0.0756,2,0.009377
icebreaker,18261.9,8.78,26885.0,0.711,0.0949,2,0.010049
icebreaker,21884.0,8.8,39283.7,0.593,0.4171,2,0.013045
icebreaker,20596.5,8.84,32230.5,0.763,0.3611,2,0.012027
icebreaker,23808.5,9.03,39298.1,0.148,0.0928,2,0.010222
icebreaker,23657.8,7.62,27453.7,0.705,0.0827,2,0.009205
icebreaker,20220.0,8.23,33316.2,1.036,0.6702,2,0.018687
icebreaker,24670.3,8.58,28115.8,2.166,0.9248,2,0.077538
icebreaker,20036.4,8.18,28797.8,1.783,0.6963,2,0.02614
icebreaker,21605.4,9.19,25450.8,1.358,0.8833,2,0.032313
icebreaker,19791.8,8.47,26784.3,0.242,0.0346,2,0.008629
icebreaker,24552.3,9.04,38752.7,1.257,0.7185,2,0.030059
icebreaker,19152.3,9.2,29823.0,0.119,0.0568,2,0.008253
icebreaker,18314.4,8.51,34121.9,0.242,0.093,2,0.007975
icebreaker,21045.7,9.32,31975.2,0.0,0.0135,2,0.010781
icebreaker,24946.6,8.67,31006.8,1.593,0.9559,2,0.054567
icebreaker,24241.7,9.2,32978.3,0.435,0.0005,2,0.010404
icebreaker,23240.3,8.18,27808.6,0.273,0.1317,2,0.009954
icebreaker,24235.5,8.5,39829.1,0.351,0.3728,2,0.012539
icebreaker,24254.1,8.56,37274.6,0.625,0.4094,2,0.011451
icebreaker,21632.0,7.71,36124.2,1.1,0.5111,2,0.014157
icebreaker,20211.5,8.3,32031.4,0.635,0.0564,2,0.009324
icebreaker,23404.1,9.33,27293.2,0.725,0.3183,2,0.015059
icebreaker,22631.6,8.76,38810.0,0.368,0.0579,2,0.010108
icebreaker,20615.6,7.86,30120.8,0.364,0.0482,2,0.009278
icebreaker,18661.3,8.18,25751.6,1.565,0.7257,2,0.028952
icebreaker,23227.5,7.88,30136.1,0.0,0.1254,2,0.011313
icebreaker,19837.2,7.55,36916.9,0.834,0.1914,2,0.009725
icebreaker,24557.7,9.35,34340.6,0.41,0.0027,2,0.011166
icebreaker,19686.8,8.4,36262.6,0.654,0.1226,2,0.011071
icebreaker,18859.3,8.12,36904.5,1.703,0.9469,2,0.038737
icebreaker,23817.8,8.7,28179.3,1.374,0.5174,2,0.022997
icebreaker,19073.0,7.51,38856.7,0.099,0.0122,2,0.007797
icebreaker,19254.9,8.06,31569.8,0.795,0.3141,2,0.011298
icebreaker,22195.7,8.91,34585.2,1.52,0.8228,2,0.034851
icebreaker,24121.9,8.77,25034.6,0.171,0.0795,2,0.010096
icebreaker,19375.0,9.46,39900.5,1.69,0.7212,2,0.029983
icebreaker,20172.3,8.74,29213.4,0.149,0.052,2,0.009662
icebreaker,23441.8,8.46,25930.9,0.487,0.0554,2,0.011293
icebreaker,24802.8,9.02,31873.9,0.198,0.0811,2,0.01112
icebreaker,21505.2,9.31,26935.5,2.024,0.9531,2,0.07021
icebreaker,19007.3,8.94,27284.9,2.019,0.7484,2,0.042983
icebreaker,18097.6,9.43,34484.2,1.684,0.8273,2,0.033974
icebreaker,19607.6,9.06,30893.9,1.358,0.6232,2,0.023012
icebreaker,18922.8,9.23,38827.8,0.0,0.0101,2,0.009774
icebreaker,22743.6,7.73,29787.3,1.258,0.3674,2,0.018057
icebreaker,18852.8,8.96,35892.7,1.063,0.3965,2,0.013482
icebreaker,21544.3,8.38,31916.5,0.897,0.3673,2,0.012978
icebreaker,22859.8,8.61,34899.3,0.584,0.5045,2,0.014413
icebreaker,22067.8,8.81,33995.4,0.836,0.3488,2,0.014232
icebreaker,19398.4,9.44,32091.8,0.161,0.0464,2,0.009223
icebreaker,23628.9,9.47,39250.9,0.311,0.0385,2,0.010755
icebreaker,23007.8,8.08,30140.7,1.787,0.956,2,0.056786
icebreaker,23172.9,8.97,27658.5,1.646,0.8989,2,0.043436
icebreaker,18917.4,9.0,35171.4,0.447,0.4313,2,0.010748
icebreaker,18866.3,8.19,37690.1,1.383,0.5794,2,0.019487
icebreaker,24492.9,7.75,25603.8,0.0,0.0215,2,0.010851
icebreaker,20783.0,7.58,31744.5,0.449,0.4188,2,0.010338
icebreaker,20106.6,9.05,38387.3,1.477,0.6701,2,0.022383
icebreaker,21420.1,8.48,36244.3,0.402,0.0207,2,0.008435
icebreaker,22640.0,9.47,39877.1,0.901,0.0607,2,0.010223
icebreaker,24689.4,8.43,32971.2,0.635,0.419,2,0.012606
icebreaker,20005.1,9.46,34899.9,0.467,0.0409,2,0.009806
icebreaker,24473.7,8.32,29537.2,0.686,0.3145,2,0.011954
icebreaker,18174.0,9.09,39213.0,1.784,0.8023,2,0.035479
icebreaker,21886.4,7.67,30495.0,0.349,0.0758,2,0.009059
icebreaker,22437.8,8.61,36077.7,0.227,0.0107,2,0.009771
icebreaker,18741.3,9.1,31047.1,1.189,0.4909,2,0.01786
icebreaker,18982.4,9.35,33427.3,1.215,0.628,2,0.020924
icebreaker,20933.8,9.15,35796.7,0.685,0.0806,2,0.010446
icebreaker,24763.6,7.57,32634.0,0.986,0.2958,2,0.01309
icebreaker,22172.3,8.25,38606.3,0.645,0.0494,2,0.00977
icebreaker,24531.2,7.6,31289.5,1.045,0.5872,2,0.019
icebreaker,23630.5,7.72,34706.1,0.759,0.2604,2,0.012523
icebreaker,21271.7,8.85,30135.4,0.538,0.3155,2,0.0109
icebreaker,23493.3,8.93,31122.4,1.145,0.3431,2,0.015707
icebreaker,18124.9,9.05,31600.8,0.429,0.0561,2,0.007801
icebreaker,18764.0,9.23,26887.1,1.223,0.5879,2,0.019141
icebreaker,23806.0,8.98,26375.9,0.123,0.0743,2,0.011379
icebreaker,23577.7,9.1,35012.3,0.519,0.0895,2,0.010994
icebreaker,19628.5,7.6,34832.8,0.526,0.0633,2,0.010025
icebreaker,21715.4,7.97,34943.6,0.0,0.0677,2,0.008873
icebreaker,22242.1,8.74,25296.5,0.657,0.0001,2,0.010227
icebreaker,24074.2,9.22,29898.2,1.12,0.6524,2,0.022634
icebreaker,22221.8,7.51,27967.1,0.288,0.0888,2,0.009503
icebreaker,20888.0,8.53,36672.3,0.0,0.3282,2,0.009444
icebreaker,20619.3,8.85,37909.5,0.0,0.0602,2,0.009685
icebreaker,20981.2,7.56,28700.2,0.0,0.1387,2,0.009524
icebreaker,22563.5,8.3,35017.7,0.232,0.0039,2,0.01088
icebreaker,24072.4,9.29,26940.4,0.368,0.0551,2,0.011197
icebreaker,21177.3,8.84,29127.3,2.116,0.8687,2,0.065042
icebreaker,19734.9,7.98,27079.8,2.53,0.9634,2,0.096284
icebreaker,19656.6,9.21,29252.8,0.401,0.0565,2,0.010216
icebreaker,23222.1,8.2,35121.0,0.156,0.1947,2,0.009809
icebreaker,23716.0,9.21,38654.9,1.686,0.9755,2,0.060281
icebreaker,18736.9,8.1,28037.8,0.651,0.032,2,0.010137
icebreaker,18465.9,8.68,33131.2,0.946,0.709,2,0.017079
icebreaker,22161.0,8.29,35520.9,1.312,0.5728,2,0.017567
icebreaker,19023.2,8.05,39293.8,0.474,0.0044,2,0.008348
icebreaker,23772.6,9.27,34150.9,1.928,0.6901,2,0.044648
icebreaker,20172.3,7.88,28826.6,0.981,0.3702,2,0.013336
icebreaker,19007.1,7.67,34382.2,1.092,0.4979,2,0.014807
icebreaker,24446.8,8.18,29807.4,0.972,0.323,2,0.015258
icebreaker,19158.7,8.94,39641.9,1.359,0.6705,2,0.023593
icebreaker,19993.0,9.11,30995.1,0.728,0.3415,2,0.01328
icebreaker,19075.3,9.5,35281.4,0.445,0.4258,2,0.01213
icebreaker,18808.4,8.09,25348.4,0.0,0.0522,2,0.009535
icebreaker,18148.0,8.32,31000.9,1.707,0.9797,2,0.046483
icebreaker,18387.8,7.77,38126.6,0.748,0.3541,2,0.01152
icebreaker,19222.5,8.65,34153.4,0.12,0.0331,2,0.008887
icebreaker,18373.7,9.5,31659.1,0.018,0.0027,2,0.008796
icebreaker,22138.0,8.9,39039.1,0.593,0.4266,2,0.014607
icebreaker,22765.0,8.69,37809.8,0.231,0.4089,2,0.011387
icebreaker,20755.4,8.28,29833.2,0.388,0.0128,2,0.009917
icebreaker,20225.9,9.33,33168.2,1.004,0.5844,2,0.017662
icebreaker,21531.7,8.49,32347.4,1.076,0.4899,2,0.015769
icebreaker,24125.0,7.77,34483.0,0.37,0.0486,2,0.010241
icebreaker,23957.9,8.23,30011.7,1.928,0.9842,2,0.07553
icebreaker,18304.3,7.63,28663.1,0.26,0.0212,2,0.008579
icebreaker,19270.5,7.9,38690.1,0.066,0.0381,2,0.007643
icebreaker,19657.2,7.54,38858.1,1.772,0.9391,2,0.044595
icebreaker,19745.7,8.41,37649.8,0.987,0.5681,2,0.017909
icebreaker,21998.6,8.77,39673.1,2.141,0.8992,2,0.06762
icebreaker,20913.8,8.19,36174.9,0.0,0.0497,2,0.008159
icebreaker,18344.8,8.34,36470.0,0.117,0.068,2,0.009813
icebreaker,20615.3,9.42,36438.9,0.0,0.0927,2,0.010386
icebreaker,21666.3,9.0,32209.1,0.385,0.0577,2,0.010211
icebreaker,18711.7,8.58,31846.8,0.0,0.0055,2,0.008612
icebreaker,23834.2,8.07,28603.4,0.521,0.1246,2,0.011658
icebreaker,18363.7,9.29,34672.3,0.904,0.515,2,0.013915
icebreaker,24473.9,7.97,29339.8,2.169,0.9336,2,0.084161
icebreaker,18693.8,8.15,28867.1,0.281,0.1698,2,0.009375
icebreaker,23905.0,9.32,33789.4,0.0,0.0432,2,0.011124
icebreaker,24318.6,8.56,31149.7,0.42,0.0214,2,0.010813
icebreaker,24857.0,8.98,28282.8,0.902,0.659,2,0.019747
icebreaker,23614.2,8.68,37240.8,0.0,0.0536,2,0.011232
icebreaker,23456.3,8.81,37908.5,0.376,0.0374,2,0.009996
icebreaker,22497.4,8.1,27515.5,0.338,0.0024,2,0.00867
icebreaker,23453.0,7.98,25112.6,2.495,0.9346,2,0.107306
icebreaker,18941.9,8.14,30041.9,0.0,0.0419,2,0.009072
icebreaker,21752.5,7.81,36962.7,0.804,0.2808,2,0.012142
icebreaker,21599.6,9.25,37587.6,0.392,0.037,2,0.010591
icebreaker,24003.0,8.07,27074.9,0.266,0.0852,2,0.010204
icebreaker,21239.6,8.62,36615.0,0.387,0.1484,2,0.010823
icebreaker,20695.6,9.08,26735.6,0.29,0.0115,2,0.009763
icebreaker,22476.9,9.07,30850.9,0.0,0.047,2,0.009981
icebreaker,19865.2,8.38,39979.1,1.892,0.7839,2,0.039253
icebreaker,18978.4,8.45,27888.9,2.163,0.8454,2,0.062959
icebreaker,21345.1,9.49,27309.5,0.139,0.0005,2,0.008958
icebreaker,20918.2,8.85,31342.0,1.342,0.7379,2,0.027043
icebreaker,19628.0,9.13,34295.0,1.149,0.4155,2,0.013413
icebreaker,20572.6,9.31,38993.5,1.079,0.4364,2,0.015635
icebreaker,20564.7,9.08,39712.3,0.763,0.4241,2,0.013015
icebreaker,20292.5,7.87,26044.6,0.663,0.0329,2,0.007823
icebreaker,20656.2,8.62,27070.0,0.282,0.0827,2,0.009987
icebreaker,22800.2,7.7,36861.1,0.503,0.1976,2,0.010343
icebreaker,20078.1,8.81,29059.5,0.96,0.12,2,0.009007
icebreaker,24642.0,9.41,38272.7,2.189,0.8118,2,0.070293
icebreaker,24414.4,8.53,34951.8,0.201,0.1302,2,0.011994
icebreaker,21366.4,8.37,26677.7,0.94,0.3189,2,0.014277
icebreaker,20298.5,7.57,37487.9,0.253,0.0195,2,0.009058
icebreaker,21748.0,9.42,27645.3,1.625,0.7091,2,0.032682
icebreaker,23939.9,7.71,31352.4,0.496,0.243,2,0.012276
icebreaker,22568.1,7.58,33282.8,1.218,0.5907,2,0.021746
icebreaker,23630.7,7.99,32511.5,0.135,0.0997,2,0.010991
icebreaker,21729.1,7.63,35292.4,0.048,0.0874,2,0.008684
icebreaker,22430.4,8.41,34790.3,0.0,0.0878,2,0.010077
icebreaker,20017.1,8.53,39880.6,0.425,0.339,2,0.011001
icebreaker,23144.3,8.13,39991.3,0.433,0.0982,2,0.009098
icebreaker,19416.8,7.6,32746.9,0.373,0.0933,2,0.009133
icebreaker,22863.6,7.72,26428.0,0.0,0.0711,2,0.011187
icebreaker,24025.0,8.27,35917.6,1.104,0.5879,2,0.020668
icebreaker,18924.7,7.62,39650.0,0.0,0.068,2,0.009265
icebreaker,22300.7,8.9,29774.9,0.0,0.017,2,0.010309
icebreaker,18665.7,7.91,31918.1,0.36,0.0398,2,0.008554
icebreaker,23080.0,8.1,31371.7,1.353,0.7793,2,0.02933
icebreaker,18591.5,8.29,25771.3,1.31,0.882,2,0.025897
icebreaker,24551.6,8.33,35084.0,0.393,0.2094,2,0.01067
icebreaker,18961.9,7.5,30300.1,0.483,0.061,2,0.009356
icebreaker,24712.2,7.72,36812.0,1.947,0.926,2,0.067796
icebreaker,23606.2,9.23,37481.8,1.262,0.7431,2,0.025641
icebreaker,22155.8,7.5,37318.5,0.334,0.086,2,0.010225
icebreaker,23478.4,8.52,31250.0,0.718,0.7477,2,0.017553
icebreaker,23565.8,8.48,29823.2,0.289,0.0392,2,0.010695
icebreaker,24622.2,8.17,36232.3,0.149,0.0946,2,0.010942
icebreaker,19773.7,8.36,37020.8,1.733,0.8425,2,0.041779
icebreaker,22130.5,9.06,32368.9,0.164,0.0059,2,0.010287
icebreaker,18665.3,9.18,38395.5,0.972,0.5515,2,0.017142
icebreaker,22313.2,8.02,27158.6,0.594,0.0103,2,0.009939
icebreaker,19199.0,8.14,38186.0,0.804,0.5337,2,0.014061
icebreaker,21954.7,7.98,26441.4,0.196,0.0321,2,0.009039
icebreaker,22007.0,8.46,27302.9,0.354,0.062,2,0.011572
icebreaker,21261.9,8.87,33007.6,0.012,0.0466,2,0.010157
icebreaker,21658.4,7.96,26012.8,1.882,0.787,2,0.043551
icebreaker,23347.5,8.16,25792.1,0.2,0.0965,2,0.009109
icebreaker,23594.7,9.36,25007.8,2.073,0.8981,2,0.06586
icebreaker,21445.1,7.6,31544.7,0.0,0.0564,2,0.009945
icebreaker,22197.2,8.42,36619.4,1.115,0.6509,2,0.020812
icebreaker,24518.7,8.92,25522.6,1.856,0.9579,2,0.055803
icebreaker,18838.1,7.8,34783.9,1.993,0.9248,2,0.057374
icebreaker,18819.7,7.59,37346.9,1.684,0.8507,2,0.033672
icebreaker,18614.0,7.78,27520.0,0.848,0.0257,2,0.009418
icebreaker,22605.0,9.34,27203.0,0.638,0.274,2,0.012461
icebreaker,20930.3,7.52,37912.0,1.658,0.7094,2,0.02943
icebreaker,23420.2,7.88,37346.9,0.19,0.2884,2,0.011336
icebreaker,22698.6,7.56,33084.1,0.838,0.0979,2,0.009666
icebreaker,20335.5,7.72,37288.0,0.39,0.1844,2,0.00889
icebreaker,24288.6,8.74,26391.3,0.0,0.089,2,0.010564
icebreaker,23337.7,7.98,30917.2,0.421,0.0526,2,0.010767
icebreaker,19893.7,8.64,36067.0,1.041,0.0594,2,0.008933
icebreaker,20549.3,8.68,28861.8,0.736,0.4529,2,0.011707
icebreaker,20201.1,9.2,36284.9,2.79,0.9824,2,0.158381
icebreaker,19103.3,7.51,32562.7,0.272,0.1453,2,0.008362
icebreaker,19034.5,9.21,36254.0,2.036,0.7992,2,0.045891
icebreaker,24552.9,8.74,31970.2,0.396,0.0597,2,0.009613
icebreaker,21065.3,7.83,30518.6,0.568,0.3025,2,0.010377
icebreaker,20683.2,9.05,28287.8,1.216,0.0754,2,0.010667
icebreaker,23107.8,9.21,28125.7,0.11,0.0049,2,0.011316
icebreaker,21871.0,8.01,36272.4,0.47,0.3109,2,0.010432
icebreaker,24553.0,9.34,26783.7,1.395,0.7255,2,0.034255
icebreaker,23462.1,8.41,26289.7,2.032,0.972,2,0.07035
icebreaker,21355.6,8.71,27644.4,0.645,0.2509,2,0.010937
icebreaker,20634.5,9.47,27630.2,0.463,0.1176,2,0.011633
icebreaker,24906.4,8.22,37346.6,1.536,0.7924,2,0.036254
icebreaker,23024.3,9.13,30977.6,0.351,0.3345,2,0.0114
icebreaker,24658.4,8.14,39855.8,0.277,0.0304,2,0.010418
icebreaker,18829.4,9.1,27058.2,0.401,0.1334,2,0.01056
icebreaker,23953.7,8.7,34803.1,0.835,0.7072,2,0.02107
icebreaker,22459.5,7.93,31730.9,0.0,0.0586,2,0.009108
icebreaker,18853.5,8.33,30893.8,0.647,0.2986,2,0.010593
icebreaker,22117.8,8.14,38126.3,0.168,0.0462,2,0.009815
icebreaker,22802.7,7.66,39633.9,1.765,0.7443,2,0.033222
icebreaker,18086.1,7.56,38092.9,0.927,0.6435,2,0.014659
icebreaker,21180.2,8.19,27884.5,2.054,0.9007,2,0.059942
icebreaker,23777.8,7.54,28312.0,1.553,0.6443,2,0.028787
icebreaker,20067.5,7.83,34841.1,1.146,0.5974,2,0.019075
icebreaker,21209.8,8.95,29336.3,0.54,0.0324,2,0.009801
icebreaker,21096.2,8.92,36020.9,0.224,0.1299,2,0.00994
lng,106122.0,11.01,42813.0,0.325,0.0538,4,0.027235
lng,100662.6,13.36,36210.4,0.23,0.0996,4,0.030668
lng,95982.2,11.09,38557.6,2.031,0.9837,4,0.633103
lng,91635.9,13.38,30009.6,0.368,0.3372,4,0.03338
lng,104368.9,12.78,39673.1,1.491,0.5978,4,0.135973
lng,101286.8,12.42,40772.6,1.516,0.6747,4,0.144517
lng,94052.2,12.53,38506.6,1.143,0.5179,4,0.074946
lng,106774.5,11.49,37448.4,2.451,0.945,4,1.240372
lng,86898.4,12.44,42149.0,0.145,0.0251,4,0.022521
lng,85111.7,11.06,40220.6,1.441,0.5929,4,0.085738
lng,99284.1,13.31,34171.1,0.413,0.0511,4,0.027614
lng,109159.8,11.41,44386.1,0.812,0.0947,4,0.029854
lng,87417.7,11.27,40609.0,1.348,0.555,4,0.079908
lng,87490.1,12.63,44819.1,0.772,0.0355,4,0.027551
lng,84185.0,12.47,44568.9,0.655,0.0442,4,0.02786
lng,105816.9,11.85,43783.6,0.505,0.0663,4,0.030156
lng,86791.9,12.4,41330.6,0.317,0.0754,4,0.025065
lng,95095.4,10.98,39141.4,0.475,0.0652,4,0.022428
lng,109726.2,12.52,32582.6,0.034,0.0493,4,0.029698
lng,80364.2,11.31,38150.3,1.103,0.4979,4,0.055059
lng,96694.6,11.32,41480.6,0.24,0.0379,4,0.026362
lng,95368.7,10.99,37812.9,0.063,0.0192,4,0.028771
lng,104223.4,11.5,43023.6,1.65,0.6742,4,0.180491
lng,90658.4,11.49,31644.8,0.906,0.0905,4,0.029776
lng,92310.2,11.86,35714.1,0.893,0.5435,4,0.052152
lng,85038.1,11.07,37589.5,0.751,0.4854,4,0.040411
lng,102224.5,11.08,36484.9,0.792,0.0876,4,0.029332
lng,103541.3,12.13,31628.8,1.444,0.5983,4,0.107177
lng,84099.9,10.89,32302.9,0.254,0.1477,4,0.025094
lng,91803.7,12.57,42564.3,0.337,0.0668,4,0.027708
lng,106787.1,13.33,37265.8,1.209,0.0088,4,0.028045
lng,80081.2,11.78,30730.8,0.172,0.018,4,0.024977
lng,88962.8,13.2,30247.4,0.37,0.0264,4,0.026738
lng,96651.3,10.79,37102.1,0.292,0.0043,4,0.022054
lng,90022.8,10.63,32465.7,0.312,0.1875,4,0.025907
lng,88161.4,12.66,40576.9,1.931,0.7861,4,0.305641
lng,93801.1,12.78,41929.9,0.917,0.4629,4,0.056817
lng,85445.7,13.03,33424.5,1.255,0.3253,4,0.047829
lng,95888.8,10.67,38882.7,0.999,0.6168,4,0.071327
lng,101200.9,12.83,32316.7,0.647,0.0316,4,0.029524
lng,97258.8,11.63,34553.7,0.587,0.2616,4,0.030423
lng,82793.3,11.41,43331.9,0.588,0.3596,4,0.029338
lng,105332.3,11.02,38161.5,1.985,0.9028,4,0.532847
lng,85249.3,13.49,43288.3,1.522,0.5034,4,0.096527
lng,102944.4,10.69,33378.7,0.575,0.0139,4,0.02698
lng,90817.0,12.98,34950.4,0.877,0.0522,4,0.031282
lng,103482.8,12.42,37064.3,0.887,0.53,4,0.064927
lng,86188.2,12.71,37201.2,1.978,0.8148,4,0.360548
lng,85599.9,12.64,44964.7,0.536,0.0202,4,0.023709
lng,94910.8,13.08,31716.7,2.337,0.9238,4,1.017996
lng,80988.1,11.05,42779.5,0.725,0.1874,4,0.028964
lng,86758.9,10.5,42955.2,0.149,0.0923,4,0.022786
lng,101720.4,12.3,38298.0,0.769,0.518,4,0.050417
lng,105121.5,11.56,35160.6,0.256,0.034,4,0.028375
lng,82423.6,10.87,37788.4,0.765,0.3137,4,0.029312
lng,106462.3,11.06,34387.0,0.191,0.0106,4,0.02854
lng,103925.5,11.5,41986.6,0.598,0.2037,4,0.030927
lng,106090.5,10.71,37474.2,0.657,0.4294,4,0.043199
lng,100952.9,10.67,43887.6,0.73,0.0396,4,0.025917
lng,100224.6,13.25,39340.4,1.159,0.3593,4,0.054948
lng,95752.8,11.44,37714.8,1.176,0.3098,4,0.043842
lng,99583.6,13.45,40666.0,1.978,0.8872,4,0.488385
lng,107573.3,13.39,37559.0,1.397,0.6122,4,0.136579
lng,83015.7,10.93,43567.6,0.91,0.0537,4,0.026896
lng,89472.9,12.64,32766.7,0.469,0.0218,4,0.026753
lng,82173.6,12.3,44600.2,0.861,0.2401,4,0.033331
lng,108344.2,12.57,42182.9,0.281,0.0467,4,0.031668
lng,93358.0,10.79,42911.0,2.501,0.9418,4,1.211105
lng,100260.3,11.07,37243.6,1.617,0.8738,4,0.243318
lng,105233.6,10.73,42558.0,0.439,0.4656,4,0.036725
lng,109730.0,12.31,34601.6,0.51,0.4236,4,0.036232
lng,84853.5,13.46,41429.2,0.034,0.0954,4,0.027677
lng,103985.4,12.52,32106.8,2.1,0.8419,4,0.57419
lng,106622.7,12.63,34605.8,0.424,0.0197,4,0.029575
lng,81466.3,13.45,36686.0,0.058,0.0423,4,0.021196
lng,102622.7,12.53,34834.8,0.23,0.0295,4,0.029662
lng,90641.8,10.62,35805.3,1.047,0.3418,4,0.039774
lng,99457.9,13.1,42301.6,1.569,0.6423,4,0.137978
lng,95421.4,11.59,33850.1,0.229,0.0055,4,0.026901
lng,87792.3,10.51,41179.2,0.188,0.0425,4,0.023821
lng,84056.6,12.02,31105.7,0.782,0.319,4,0.034718
lng,83508.4,13.31,41486.1,0.902,0.0395,4,0.025388
lng,83099.7,11.27,41880.3,0.19,0.0139,4,0.023322
lng,99133.7,11.97,36025.5,0.432,0.0207,4,0.026457
lng,90542.3,11.02,40837.2,1.232,0.3799,4,0.047704
lng,86499.0,10.67,43727.1,1.971,0.8743,4,0.369945
lng,100756.6,10.74,42010.7,1.505,0.5537,4,0.101983
lng,100605.5,12.68,35856.7,0.417,0.0882,4,0.02926
lng,96175.0,13.09,37263.2,0.889,0.3948,4,0.043809
lng,108048.7,10.93,41690.4,0.677,0.7053,4,0.063249
lng,91562.4,11.36,34388.9,1.149,0.4945,4,0.050353
lng,105075.9,11.09,42058.2,0.397,0.0608,4,0.027104
lng,82254.2,10.58,34921.1,1.91,0.8035,4,0.256461
lng,102194.9,12.16,42089.9,0.17,0.0345,4,0.028187
lng,109653.4,12.6,31302.0,0.0,0.048,4,0.030712
lng,105397.9,12.44,30666.0,0.562,0.1637,4,0.035784
lng,97389.9,11.66,44965.1,0.263,0.0432,4,0.025325
lng,98803.0,12.17,43041.9,0.499,0.1763,4,0.032423
lng,90598.7,10.78,43242.7,0.487,0.0475,4,0.025172
lng,100384.6,10.96,44269.2,1.403,0.5755,4,0.084694
lng,103111.9,13.3,36574.7,0.318,0.0172,4,0.033239
lng,109946.9,12.78,34302.5,0.0,0.0511,4,0.026819
lng,94773.9,13.27,31950.4,0.18,0.1032,4,0.029048
lng,81839.1,13.25,37518.1,0.697,0.0989,4,0.028375
lng,97875.7,12.45,33300.7,0.0,0.098,4,0.02765
lng,83570.7,13.28,44033.3,1.801,0.7914,4,0.245667
lng,87343.0,11.75,30060.0,2.078,0.9491,4,0.63508
lng,89863.4,10.51,32148.0,0.603,0.085,4,0.02273
lng,101930.9,10.69,33697.1,0.158,0.0135,4,0.02583
lng,85514.2,10.83,32984.4,0.18,0.3033,4,0.02416
lng,84972.6,10.79,33386.7,0.407,0.2475,4,0.025658
lng,81348.9,11.56,39840.7,0.275,0.1808,4,0.025639
lng,106197.2,12.6,34912.7,1.773,0.6337,4,0.192907
lng,100805.2,12.87,39225.4,0.334,0.0324,4,0.02797
lng,81198.4,12.27,43353.9,2.243,0.8462,4,0.544819
lng,80848.8,10.94,39038.4,0.04,0.0586,4,0.022408
lng,96760.2,12.74,40418.0,1.694,0.7116,4,0.180972
lng,88476.0,11.56,35482.5,1.404,0.6283,4,0.100287
lng,97901.8,10.54,32396.1,1.187,0.6706,4,0.0891
lng,93038.1,11.34,34808.8,0.446,0.2964,4,0.029466
lng,107699.4,11.49,44464.2,1.703,0.7692,4,0.241143
lng,88634.3,11.32,39327.2,0.669,0.0036,4,0.024629
lng,100374.4,12.94,34162.7,0.741,0.053,4,0.026661
lng,81621.6,12.78,36763.7,0.0,0.1145,4,0.021406
lng,108675.8,12.59,42532.7,2.605,0.9385,4,1.606533
lng,109422.7,10.92,40026.7,0.121,0.1932,4,0.026904
lng,102172.2,12.92,38409.8,2.484,0.8985,4,1.092881
lng,93956.4,12.53,43277.4,1.166,0.6599,4,0.097371
lng,86599.8,11.08,40086.6,1.314,0.4452,4,0.055391
lng,104375.5,12.44,39640.9,0.962,0.3515,4,0.0443
lng,102090.6,11.95,32846.5,0.726,0.4646,4,0.052904
lng,86658.6,11.82,31595.8,0.0,0.1905,4,0.02487
lng,93536.5,10.84,44477.1,2.364,0.9201,4,0.815265
lng,93884.0,12.05,38982.9,0.0,0.0547,4,0.024233
lng,104792.3,10.8,36235.3,0.122,0.0828,4,0.025981
lng,100515.3,10.99,38835.3,0.0,0.0593,4,0.023806
lng,99295.0,10.9,30927.2,0.218,0.066,4,0.027868
lng,99494.8,13.36,42331.9,0.337,0.0222,4,0.027212
lng,88114.1,11.35,33249.7,1.212,0.63,4,0.08963
lng,91151.3,11.57,42068.2,0.0,0.0944,4,0.024179
lng,81369.9,11.47,38015.7,0.225,0.0953,4,0.021957
lng,103608.2,13.19,34148.6,0.08,0.0191,4,0.028266
lng,92989.9,12.19,30453.1,1.057,0.5616,4,0.055456
lng,93147.2,13.26,42237.5,1.364,0.6454,4,0.11214
lng,87360.7,11.4,32646.9,0.523,0.4109,4,0.033579
lng,86282.8,10.84,30777.1,0.944,0.5594,4,0.057858
lng,97634.7,12.17,41338.2,0.134,0.1404,4,0.023961
lng,86976.6,11.54,35250.6,0.519,0.1891,4,0.030494
lng,81926.3,12.91,35840.0,0.062,0.009,4,0.025811
lng,103025.2,13.14,33706.0,0.961,0.581,4,0.07782
lng,91294.1,11.92,42887.7,1.332,0.0867,4,0.030386
lng,91407.1,13.41,34459.9,0.768,0.3298,4,0.043389
lng,92939.5,12.16,33152.9,2.182,0.8357,4,0.449113
lng,104451.3,11.31,34638.7,1.363,0.6261,4,0.113697
lng,89625.1,11.97,33047.2,0.565,0.167,4,0.027574
lng,102741.1,10.61,34764.8,0.502,0.0497,4,0.023864
lng,108186.3,12.91,31244.0,0.822,0.8047,4,0.079975
lng,99826.0,10.8,32378.0,1.75,0.7023,4,0.188814
lng,92950.4,11.43,36255.8,1.261,0.5139,4,0.067681
lng,102433.7,12.2,43192.0,0.504,0.0959,4,0.030774
lng,93736.9,10.63,30859.4,1.538,0.8929,4,0.197828
lng,92432.8,10.74,33190.1,0.103,0.1521,4,0.021135
lng,95758.5,12.59,43625.2,0.0,0.1587,4,0.029445
lng,89531.7,10.72,43350.2,0.046,0.0124,4,0.025165
lng,83127.5,11.93,40191.8,1.871,0.9825,4,0.434886
lng,92445.6,11.52,33607.1,2.218,0.8621,4,0.560702
lng,83715.7,11.18,36297.2,1.58,0.7338,4,0.162399
lng,92313.2,11.07,33168.3,0.357,0.082,4,0.026502
lng,96708.0,12.79,31928.8,0.977,0.3547,4,0.048371
lng,107921.3,13.35,35700.0,1.005,0.4194,4,0.06424
lng,81086.7,10.92,38637.3,0.482,0.2407,4,0.02552
lng,98643.8,13.38,35399.0,0.011,0.0449,4,0.028361
lng,93732.1,12.28,39162.4,1.645,0.8458,4,0.25055
lng,80607.8,12.42,34443.8,2.127,0.9132,4,0.545053
lng,87486.4,12.63,35187.8,2.318,0.9586,4,0.908445
lng,83554.6,12.61,41860.1,0.0,0.2952,4,0.024567
lng,86503.8,12.96,43174.7,0.223,0.0547,4,0.025955
lng,88237.1,11.95,34830.5,0.035,0.0453,4,0.022963
lng,92039.2,12.1,38572.7,1.812,0.9473,4,0.440091
lng,95871.2,11.47,34172.4,0.672,0.0947,4,0.026516
lng,80029.7,10.82,30800.0,0.704,0.091,4,0.023998
lng,84856.1,12.49,41067.9,0.456,0.021,4,0.024461
lng,82807.0,10.6,32565.1,0.658,0.3955,4,0.034847
lng,96490.2,11.33,36385.7,0.189,0.0581,4,0.022212
lng,89872.2,10.78,37305.7,0.841,0.0545,4,0.02722
lng,96451.9,11.07,32767.1,1.529,0.3904,4,0.063626
lng,86654.7,12.42,31418.3,0.972,0.4497,4,0.05494
lng,80726.9,12.39,35220.2,1.403,0.6269,4,0.095374
lng,108241.0,11.76,44284.3,0.361,0.0669,4,0.029328
lng,83249.2,10.77,39227.0,0.597,0.0695,4,0.027329
lng,83805.8,11.8,35721.2,0.311,0.0093,4,0.023342
lng,84396.4,11.56,30583.7,2.156,0.9977,4,0.84364
lng,109438.3,12.66,39004.1,0.0,0.0193,4,0.029663
lng,98529.8,12.24,31383.9,2.204,0.9228,4,0.757784
lng,98308.7,11.97,38138.2,0.358,0.0847,4,0.028173
lng,109600.9,11.96,41279.3,0.0,0.0087,4,0.03049
lng,82653.2,13.4,36353.8,0.673,0.2371,4,0.030853
lng,109235.0,12.77,34491.2,0.509,0.2244,4,0.033261
lng,86120.4,11.99,30710.8,0.429,0.0481,4,0.024046
lng,98692.1,11.94,30371.7,0.502,0.3682,4,0.03633
lng,92602.5,10.58,36450.4,0.822,0.0372,4,0.024892
lng,91518.6,13.33,43250.2,0.729,0.3645,4,0.043289
lng,107937.3,11.46,33660.9,1.499,0.6727,4,0.156569
lng,84476.8,11.27,38610.8,0.88,0.1366,4,0.026372
lng,109912.1,13.5,40264.6,0.108,0.0274,4,0.029202
lng,91373.8,12.66,30912.4,0.467,0.0519,4,0.024387
lng,99463.2,10.64,32296.5,1.987,0.9427,4,0.608379
lng,109037.2,10.69,34969.2,0.201,0.0293,4,0.027951
lng,81728.0,10.58,40051.4,0.384,0.1156,4,0.024486
lng,107685.9,12.3,36585.5,0.0,0.0162,4,0.026123
lng,97034.3,10.71,41012.9,1.542,0.6846,4,0.139029
lng,101131.9,13.3,43014.0,2.056,0.836,4,0.485015
lng,84475.5,13.31,41375.6,2.299,0.8123,4,0.516532
lng,96001.6,12.14,44883.7,0.185,0.0076,4,0.028482
lng,100205.4,12.35,41315.4,0.422,0.0145,4,0.032232
lng,93687.4,11.38,42782.7,0.346,0.0315,4,0.023902
lng,84649.6,10.69,42485.5,1.36,0.7361,4,0.107255
lng,87323.6,12.71,40954.0,0.303,0.1348,4,0.025384
lng,105631.8,10.81,42027.0,1.68,0.9225,4,0.367859
lng,81034.1,10.76,44020.2,0.17,0.0313,4,0.023912
lng,101265.9,11.43,37128.1,0.428,0.0612,4,0.02752
lng,109981.7,10.54,39574.3,2.334,0.8132,4,0.593169
lng,80224.5,11.8,37724.1,1.477,0.6029,4,0.092079
lng,84831.4,12.62,42765.6,2.234,0.9004,4,0.689658
lng,100224.3,12.9,36470.4,2.275,0.9262,4,0.839471
lng,81799.7,12.31,42295.9,0.361,0.0393,4,0.023906
lng,97693.7,13.04,41990.3,2.191,0.9172,4,0.757034
lng,100520.0,11.72,44428.3,1.416,0.7905,4,0.163091
lng,97644.4,13.05,33733.8,0.47,0.0367,4,0.028043
lng,90955.5,12.02,40644.3,0.823,0.0453,4,0.026923
lng,100918.5,11.17,41353.8,0.439,0.225,4,0.032543
lng,97828.8,13.33,44044.2,0.842,0.3778,4,0.052472
lng,86229.1,11.32,43603.5,1.52,0.7612,4,0.161615
lng,96894.1,10.58,38602.9,0.647,0.4824,4,0.04357
lng,106457.2,11.23,38687.3,1.109,0.5543,4,0.073186
lng,100005.0,11.6,32509.4,0.104,0.0095,4,0.025307
lng,94153.7,11.55,44624.4,1.9,0.8413,4,0.357154
lng,89647.5,12.07,33825.3,0.868,0.337,4,0.0409
lng,82576.6,13.15,40871.0,0.514,0.0498,4,0.023235
lng,87338.8,11.38,41936.9,0.403,0.0396,4,0.024011
lng,80335.6,12.06,36618.2,0.411,0.3078,4,0.028398
lng,109598.8,11.52,33167.9,0.801,0.1505,4,0.033131
lng,86674.5,12.97,32834.4,0.101,0.0715,4,0.028395
lng,104446.3,10.97,42847.4,0.074,0.1167,4,0.027937
lng,85059.3,10.81,37661.3,0.43,0.093,4,0.026804
lng,88508.0,12.01,31352.1,0.718,0.1594,4,0.030458
lng,92548.3,12.52,40755.3,0.639,0.3396,4,0.037432
lng,89732.2,12.89,33752.6,0.689,0.0881,4,0.026785
lng,103950.5,12.27,43145.9,0.0,0.0143,4,0.028113
lng,108730.8,12.82,34643.6,0.311,0.0865,4,0.030987
lng,106258.8,11.68,33004.1,0.0,0.0822,4,0.025167
lng,84607.3,10.6,31272.9,0.222,0.0014,4,0.021761
lng,103300.7,10.85,37673.0,0.915,0.4639,4,0.051249
lng,84438.4,10.62,36761.1,0.797,0.4518,4,0.041716
lng,107401.4,11.49,41269.7,0.345,0.3689,4,0.0353
lng,95536.4,11.99,36969.0,0.486,0.099,4,0.027152
lng,90091.4,11.57,35157.2,2.091,0.827,4,0.423148
lng,84710.8,12.18,33924.8,0.899,0.7619,4,0.07284
lng,80354.3,11.94,34172.2,0.124,0.0721,4,0.018765
lng,87438.4,12.53,43917.7,0.719,0.3619,4,0.037097
lng,107420.6,12.5,32476.2,0.315,0.2926,4,0.036254
lng,103917.9,11.45,44822.6,1.798,0.6131,4,0.14364
lng,109093.8,11.54,34903.8,0.123,0.2399,4,0.029796
lng,83022.8,12.26,31325.9,0.237,0.0374,4,0.027036
lng,97765.4,12.29,33730.4,1.201,0.6056,4,0.083166
lng,87714.5,11.44,30876.2,0.047,0.0073,4,0.024105
lng,96288.3,11.49,41850.4,1.29,0.6083,4,0.083799
lng,89613.6,12.58,37688.3,0.713,0.4839,4,0.050043
lng,88504.0,12.44,35054.8,1.084,0.6874,4,0.08429
lng,97215.4,10.91,39930.7,0.557,0.4992,4,0.039841
lng,85499.5,11.82,39459.7,0.246,0.1102,4,0.027517
lng,94074.0,13.18,44098.1,2.791,0.9993,4,2.638659
lng,99524.4,10.61,44418.9,1.699,0.7537,4,0.190541
lng,83845.5,13.07,40210.3,0.188,0.0925,4,0.024491
lng,107917.8,10.99,42267.2,0.756,0.0652,4,0.03059
lng,95171.7,12.02,41886.4,0.279,0.0718,4,0.025823
lng,104585.8,11.77,37369.6,0.805,0.0431,4,0.024902
lng,99617.2,10.53,40566.9,0.648,0.528,4,0.043879
lng,101300.0,13.25,31173.9,0.926,0.6866,4,0.072174
lng,101483.9,11.86,41370.3,0.103,0.022,4,0.030347
lng,106253.0,13.36,44427.5,0.613,0.0813,4,0.032677
lng,98408.2,11.36,31274.6,0.147,0.0829,4,0.024852
lng,88346.5,13.1,42541.7,0.665,0.3502,4,0.035964
lng,82985.3,13.27,43994.7,0.975,0.427,4,0.04258
lng,98187.5,12.17,33392.8,1.752,0.682,4,0.172997
lng,81990.6,11.11,37872.2,0.973,0.0705,4,0.027108
lng,87238.8,12.56,43917.9,0.53,0.2529,4,0.036131
lng,81821.2,12.15,44403.4,1.119,0.6687,4,0.08384
lng,96466.6,13.33,31918.2,0.508,0.081,4,0.029523
lng,84810.1,11.82,35235.1,0.212,0.0796,4,0.023831
lng,98312.2,11.31,40472.2,1.749,0.9904,4,0.404119
lng,103726.0,10.91,33323.4,0.558,0.0441,4,0.031503
lng,104656.4,12.6,34871.6,0.989,0.456,4,0.058737
lng,89286.3,13.42,30349.4,0.311,0.0565,4,0.031204
lng,96468.6,10.59,32302.8,0.014,0.095,4,0.027237
lng,96890.3,12.72,38434.9,1.293,0.5834,4,0.081458
lng,94186.6,13.28,39796.4,0.278,0.1097,4,0.027326
lng,99653.4,10.72,39733.7,0.0,0.0346,4,0.024303
lng,86302.6,10.83,41675.4,0.567,0.2096,4,0.027949
lng,109377.3,12.58,36229.2,0.644,0.2276,4,0.037245
lng,82942.4,12.44,34102.4,0.32,0.0264,4,0.029624
lng,104876.6,10.71,30233.7,1.172,0.6783,4,0.088809
lng,97822.9,13.0,33099.4,0.651,0.0158,4,0.028634
lng,87345.6,12.07,34685.8,0.279,0.0386,4,0.026185
lng,102370.3,13.22,32673.1,1.739,0.7156,4,0.217975
lng,82534.4,13.13,30302.2,0.88,0.6409,4,0.062307
lng,103232.5,12.94,32361.7,0.667,0.0716,4,0.028754
lng,97699.6,12.05,39991.5,1.771,0.7779,4,0.252044
lng,83322.5,11.26,39443.8,0.636,0.3701,4,0.034994
lng,82385.2,12.02,44035.3,1.044,0.5538,4,0.061844
lng,102525.1,10.8,41972.5,0.163,0.013,4,0.02724
lng,88788.1,12.48,38516.3,1.53,0.6625,4,0.144774
lng,106679.1,10.9,32063.3,0.053,0.1781,4,0.029176
lng,102862.2,12.03,38461.1,1.264,0.6519,4,0.105899
lng,100945.7,10.66,30923.9,0.624,0.4546,4,0.037353
lng,88358.2,11.4,36463.3,1.296,0.3552,4,0.048899
lng,101268.3,11.2,35853.9,0.425,0.0498,4,0.02685
lng,108444.4,12.36,36417.2,0.0,0.0143,4,0.029555
lng,82746.8,12.86,34197.4,0.971,0.259,4,0.035655
lng,89784.9,10.67,40287.5,0.499,0.0546,4,0.023096
lng,87040.2,13.05,42614.2,1.962,0.7427,4,0.25031
lng,91797.5,13.08,41527.8,1.437,0.7133,4,0.12429
lng,102270.0,11.53,39416.3,2.032,0.9092,4,0.532586
lng,94227.3,12.48,38075.2,0.95,0.0495,4,0.025609
lng,97121.9,11.71,30466.3,1.899,0.8797,4,0.36763
lng,89424.6,10.96,40844.0,0.097,0.0357,4,0.023369
lng,84238.7,12.09,38174.7,0.536,0.0531,4,0.022847
lng,88008.0,10.76,34061.1,0.184,0.0234,4,0.024202
lng,105790.4,13.14,34917.6,2.235,0.9268,4,0.895995
lng,98072.5,13.27,44034.1,0.383,0.0184,4,0.027282
lng,91339.7,12.96,39365.4,0.334,0.4085,4,0.031906
lng,103697.2,12.19,37138.7,1.623,0.7421,4,0.205407
lng,81933.7,12.17,39313.8,0.471,0.3762,4,0.030001
lng,87616.7,13.45,36206.1,0.297,0.0178,4,0.02488
lng,86903.1,11.24,37052.7,0.51,0.0548,4,0.026903
lng,109560.9,10.73,34354.6,1.012,0.6246,4,0.080854
lng,101183.0,12.19,36597.8,0.51,0.4434,4,0.041354
lng,98533.6,11.49,40283.9,0.314,0.3594,4,0.033482
lng,80149.5,11.47,30599.1,0.662,0.4059,4,0.030186
lng,85529.3,10.52,41925.4,0.858,0.4476,4,0.046362
lng,99066.2,12.29,34244.7,0.698,0.2847,4,0.038567
lng,91391.6,11.29,40238.4,2.643,0.9639,4,1.656399
lng,107728.4,11.06,39640.9,0.921,0.2982,4,0.043901
lng,102941.7,10.62,39789.4,0.04,0.026,4,0.026091
lng,93421.5,11.59,39121.9,0.309,0.0649,4,0.025675
lng,102485.4,13.14,44386.5,0.66,0.3175,4,0.041494
lng,109262.1,11.51,37625.2,2.262,0.9551,4,0.92275
lng,93829.4,12.54,40984.8,1.36,0.3021,4,0.054659
lng,99275.8,12.77,40581.7,0.137,0.3931,4,0.026922
lng,107559.9,11.48,33544.0,2.222,0.8227,4,0.522036
lng,87460.2,12.96,34249.6,1.845,0.88,4,0.409274
lng,106596.7,12.58,36360.3,0.074,0.0902,4,0.027978
lng,82926.3,12.18,34165.5,1.687,0.6611,4,0.143874
lng,99453.4,10.5,35501.1,1.858,0.7795,4,0.248822
lng,103485.1,10.61,35864.4,1.88,0.8716,4,0.381733
lng,98438.2,13.47,39058.0,0.624,0.5577,4,0.047288
lng,94866.0,12.85,33298.4,1.13,0.4946,4,0.065995
lng,98520.4,13.31,42064.4,0.311,0.0241,4,0.030222
lng,84549.9,13.21,36563.0,1.113,0.5,4,0.059253
lng,86467.1,10.56,40593.7,1.171,0.5423,4,0.067837
lng,88097.0,12.88,31221.6,0.0,0.0241,4,0.027104
lng,97933.4,11.85,37049.5,1.452,0.7797,4,0.179125
lng,93257.0,12.87,30423.3,0.897,0.2339,4,0.037868
lng,87334.3,10.52,40138.6,0.087,0.0072,4,0.028278
lng,106484.3,11.36,35155.7,0.674,0.0305,4,0.030526
lng,91217.7,12.75,44238.8,1.236,0.3466,4,0.053625
lng,93381.0,12.88,34861.9,0.405,0.0152,4,0.025314
lng,92291.0,12.36,38457.1,1.446,0.4534,4,0.074787
lng,85458.3,11.4,33860.8,0.686,0.0081,4,0.026203
lng,101948.8,11.43,39301.7,0.645,0.2915,4,0.040653
lng,93453.7,13.4,37005.6,0.431,0.0265,4,0.030631
lng,80487.7,11.82,35559.4,0.774,0.2548,4,0.033502
lng,108920.4,11.84,33055.3,0.526,0.2608,4,0.0325
lng,104472.9,12.16,31672.8,1.345,0.681,4,0.128577
lng,101706.8,11.73,31798.2,0.0,0.0186,4,0.024698
lng,106072.8,12.16,44985.6,1.541,0.9312,4,0.261852
lng,107204.2,11.8,36184.7,0.343,0.2475,4,0.032847
lng,90124.7,12.98,30028.9,0.933,0.3696,4,0.047462
lng,98328.8,13.23,44293.9,0.579,0.4991,4,0.047692
lng,98264.2,13.3,30299.7,0.718,0.3422,4,0.043366
lng,88019.0,12.19,36278.8,0.443,0.0238,4,0.026298
lng,86658.6,11.83,40762.2,0.381,0.0343,4,0.023091
lng,83417.2,12.62,43719.0,1.109,0.676,4,0.081981
lng,99779.4,13.01,40693.3,0.99,0.4134,4,0.048912
lng,103427.6,12.19,36954.4,0.707,0.4618,4,0.040781
lng,102828.6,12.6,44616.6,1.187,0.5326,4,0.083045
lng,89488.3,12.75,30589.8,0.64,0.387,4,0.036522
lng,86157.8,12.53,44803.4,2.359,0.9905,4,1.176068
lng,93608.4,12.74,42740.9,0.814,0.4246,4,0.050247
lng,96404.4,11.13,43934.0,0.171,0.0852,4,0.024857
lng,107572.6,12.0,33821.6,1.21,0.6285,4,0.10191
lng,106244.7,12.26,32136.9,0.735,0.3255,4,0.040119
lng,107481.7,10.51,39949.7,1.107,0.5526,4,0.062616
lng,105507.9,13.07,37737.9,0.114,0.0091,4,0.029596
lng,108937.4,12.33,37847.5,1.179,0.5494,4,0.080635
lng,93965.0,10.89,43869.3,0.227,0.1355,4,0.025121
lng,81424.2,12.95,39301.2,0.639,0.064,4,0.029589
lng,82506.9,12.65,34666.0,0.745,0.051,4,0.023055
lng,91708.3,12.77,36001.0,0.595,0.0069,4,0.02714
lng,87730.6,11.68,32002.4,0.446,0.056,4,0.023577
container,65452.8,15.02,32690.8,0.729,0.0095,0,0.024413
container,51691.2,14.06,20484.9,1.818,0.8528,0,1.321138
container,64367.6,12.3,31249.7,0.0,0.162,0,0.021221
container,53280.0,14.72,25729.8,0.489,0.0794,0,0.020977
container,49718.3,14.87,28980.3,0.216,0.06,0,0.019638
container,63182.7,14.09,23715.2,2.446,0.9868,0,11.918918
container,56713.6,15.18,22331.0,1.281,0.7446,0,0.271637
container,45781.9,13.2,28000.8,0.555,0.3265,0,0.026503
container,68998.6,12.81,30434.3,0.001,0.0321,0,0.022195
container,48693.8,13.4,22932.4,0.924,0.3792,0,0.042822
container,53835.2,13.64,26545.4,0.826,0.3909,0,0.040349
container,54619.9,14.78,26669.8,0.508,0.2108,0,0.028368
container,57235.7,15.38,23239.7,0.0,0.1961,0,0.020046
container,64636.1,14.88,28475.7,0.445,0.4615,0,0.038178
container,45152.3,12.7,22189.0,0.564,0.0458,0,0.017711
container,68311.8,13.46,27646.2,0.536,0.0824,0,0.027446
container,61149.7,12.63,21701.5,0.293,0.0854,0,0.020464
container,68766.2,14.75,27283.1,2.344,0.8821,0,5.7982
container,65434.7,12.99,24674.0,1.777,0.768,0,0.850829
container,68196.0,14.1,26783.7,0.682,0.0003,0,0.024868
container,60025.0,15.17,26506.2,0.968,0.5086,0,0.074959
container,53932.7,14.68,33619.0,0.505,0.0692,0,0.021855
container,56072.9,13.19,27349.0,0.569,0.2586,0,0.033268
container,61450.8,13.33,32277.5,1.436,0.8296,0,0.610672
container,55673.3,14.61,23384.8,0.342,0.0884,0,0.019407
container,63291.8,14.2,25281.2,0.497,0.0245,0,0.02171
container,47296.2,12.39,21126.3,0.0,0.0557,0,0.015153
container,65749.7,15.5,26311.2,0.772,0.0263,0,0.023434
container,50104.7,14.05,30030.5,1.586,0.7153,0,0.447895
container,68598.7,13.89,32572.5,0.791,0.6021,0,0.070433
container,48888.6,12.79,28488.7,2.162,0.8973,0,2.922216
container,48229.1,13.51,29601.1,0.295,0.1399,0,0.021216
container,65296.9,13.33,22659.0,0.234,0.3642,0,0.026719
container,65467.5,13.08,20558.1,0.249,0.0643,0,0.0215
container,63469.0,14.27,31875.3,2.736,0.9649,0,24.892223
container,69013.3,13.85,22505.6,1.62,0.8968,0,1.311336
container,51763.5,15.56,21367.5,0.257,0.4511,0,0.026432
container,65666.2,15.77,34063.4,0.528,0.0036,0,0.024309
container,53801.0,12.88,34452.8,1.212,0.3779,0,0.057561
container,58435.0,12.4,29243.9,0.0,0.0455,0,0.019755
container,56140.0,15.14,25679.6,0.25,0.0702,0,0.022303
container,45146.3,15.98,32498.6,0.0,0.0243,0,0.018084
container,59361.6,15.45,23070.8,0.35,0.091,0,0.022706
container,63687.6,12.09,26440.9,0.598,0.3525,0,0.037124
container,49363.8,13.01,25355.3,0.558,0.2898,0,0.024864
container,68291.4,12.17,33690.5,0.523,0.0044,0,0.021546
container,58260.0,15.28,33796.7,0.616,0.3631,0,0.037628
container,49456.2,14.33,29763.3,0.0,0.0777,0,0.017276
container,61148.7,14.05,21661.1,0.177,0.0678,0,0.02016
container,49798.1,14.22,27232.9,0.0,0.091,0,0.017617
container,46588.3,13.01,23679.9,0.866,0.0013,0,0.015968
container,62132.9,14.41,33273.7,1.033,0.0362,0,0.020933
container,47767.4,12.12,22076.0,1.875,0.9246,0,1.76834
container,47655.4,14.58,20814.7,0.764,0.2167,0,0.027343
container,63498.6,14.94,30566.4,0.034,0.085,0,0.02407
container,46380.1,14.69,26799.3,0.0,0.0122,0,0.01815
container,65244.2,13.33,32575.5,0.219,0.0267,0,0.017541
container,64903.7,15.31,21119.4,1.831,0.8894,0,2.07368
container,48534.8,14.86,32016.1,0.543,0.0394,0,0.018389
container,57959.5,12.51,20560.0,1.315,0.7976,0,0.401167
container,47415.6,12.78,20421.1,1.004,0.3449,0,0.039312
container,60814.3,14.55,26919.7,0.816,0.0129,0,0.021288
container,46573.3,13.16,23319.4,1.353,0.5768,0,0.173685
container,68612.0,12.48,28905.8,0.765,0.4791,0,0.052857
container,50193.3,12.62,20387.3,0.244,0.0611,0,0.019434
container,62072.4,12.66,20530.8,1.365,0.6477,0,0.271493
container,48207.3,13.91,30907.2,1.713,0.8391,0,1.024217
container,50239.9,14.43,23152.5,0.129,0.0223,0,0.019657
container,56273.7,12.71,29846.3,0.519,0.0353,0,0.020383
container,59327.4,14.85,31248.8,0.547,0.1544,0,0.022549
container,69971.6,13.12,20890.0,0.532,0.0806,0,0.026431
container,45648.2,13.25,31546.3,0.752,0.1698,0,0.021847
container,45007.9,12.89,24026.3,1.754,0.6676,0,0.471409
container,53759.2,15.14,25843.2,0.284,0.0311,0,0.018738
container,54153.9,15.84,21299.6,0.238,0.0234,0,0.018803
container,67095.9,13.97,32579.4,0.499,0.1772,0,0.031328
container,67814.6,12.17,28410.9,1.582,0.8959,0,1.004423
container,67013.1,13.04,27570.0,0.601,0.0136,0,0.023482
container,48579.5,12.63,34528.3,0.891,0.4141,0,0.042454
container,55302.6,15.37,25017.6,0.84,0.4389,0,0.049337
container,63647.1,12.34,33361.7,0.395,0.1426,0,0.022933
container,52815.3,15.87,30795.3,2.179,0.9005,0,3.659248
container,61581.0,14.35,33927.9,0.765,0.5886,0,0.064832
container,50928.6,14.07,33617.0,1.08,0.4291,0,0.05375
container,53085.5,15.39,34865.4,2.321,0.8194,0,3.327018
container,66510.7,12.11,21975.2,1.508,0.7098,0,0.473482
container,51262.7,15.11,31940.2,0.819,0.0098,0,0.019735
container,69108.1,12.47,32067.4,0.14,0.0155,0,0.019173
container,52656.5,15.36,29665.6,1.518,0.5869,0,0.287618
container,45588.2,14.12,24182.9,0.906,0.0449,0,0.018725
container,51372.5,12.24,34477.2,0.292,0.0856,0,0.017548
container,49280.1,15.33,23066.3,0.835,0.0112,0,0.020058
container,57670.7,12.11,27493.6,0.774,0.319,0,0.033852
container,47817.9,12.55,27822.3,0.642,0.1812,0,0.020266
container,60651.2,15.19,22427.4,1.642,0.8306,0,1.098608
container,66872.5,13.86,30837.9,2.333,0.9899,0,10.57647
container,54063.0,15.53,21333.0,0.96,0.1075,0,0.025731
container,49212.3,14.54,30396.5,0.404,0.001,0,0.017623
container,55000.6,14.49,32729.2,0.632,0.0206,0,0.021869
container,64649.2,13.17,25240.9,0.562,0.2975,0,0.030538
container,59787.2,12.53,30641.3,0.0,0.0456,0,0.017193
container,47528.6,15.84,22351.6,0.458,0.2609,0,0.023709
container,58429.7,12.42,32689.2,0.536,0.347,0,0.032863
container,56702.1,14.12,34280.5,0.3,0.2087,0,0.024398
container,53177.8,13.09,22290.4,0.201,0.0059,0,0.017878
container,47754.0,13.06,30377.9,2.04,0.8666,0,2.295921
container,69527.8,14.38,27587.5,0.346,0.0661,0,0.025568
container,49401.1,15.19,27972.5,1.185,0.6693,0,0.198644
container,49818.6,15.11,30597.3,0.194,0.0451,0,0.018819
container,48639.6,15.48,27331.1,0.377,0.0845,0,0.020537
container,59254.8,13.17,29004.9,1.786,0.7236,0,0.702088
container,56091.7,13.86,23463.5,1.891,0.9543,0,2.651723
container,51238.9,12.04,25677.6,0.677,0.4277,0,0.03574
container,55735.6,14.99,32978.6,1.05,0.4614,0,0.059427
container,61838.0,13.21,21648.5,0.463,0.2075,0,0.02542
container,52042.5,14.25,28963.6,0.743,0.0683,0,0.020723
container,67881.1,12.68,22764.3,0.003,0.0332,0,0.022719
container,52658.7,15.28,32698.1,1.932,0.9096,0,2.058507
container,49954.5,15.27,28685.7,1.261,0.6787,0,0.232707
container,68864.2,15.51,26045.7,0.0,0.0435,0,0.022875
container,65264.0,12.18,23747.4,1.444,0.4171,0,0.145844
container,53578.4,15.97,26552.7,0.0,0.0627,0,0.02009
container,66035.8,12.99,34364.2,0.274,0.2743,0,0.028579
container,57970.4,13.24,27638.1,0.255,0.2624,0,0.023979
container,53668.8,13.0,27042.3,2.018,0.8892,0,2.355489
container,65990.3,13.07,31194.1,0.668,0.205,0,0.030201
container,63804.1,14.21,25685.7,1.925,0.8517,0,1.89475
container,52446.9,12.96,26411.4,0.13,0.0591,0,0.019327
container,60167.0,13.58,25054.2,0.484,0.4112,0,0.030048
container,54234.8,14.62,22263.8,0.075,0.2322,0,0.019147
container,45026.3,15.34,30707.1,0.804,0.2775,0,0.03153
container,69045.4,14.77,33095.5,1.806,0.8254,0,1.566336
container,58740.7,14.38,33583.9,0.691,0.0625,0,0.019217
container,59960.8,12.59,33212.0,0.566,0.3588,0,0.035255
container,59997.3,15.26,26776.8,0.328,0.2635,0,0.026217
container,58766.0,12.15,24261.0,0.0,0.0599,0,0.016278
container,52251.2,13.06,29568.9,0.535,0.1167,0,0.016533
container,69289.4,12.23,34320.6,0.723,0.0257,0,0.019746
container,60541.7,14.67,30905.8,2.346,0.9164,0,6.809585
container,61773.0,13.47,27422.7,0.0,0.0525,0,0.020354
container,56369.8,14.61,30332.1,1.967,0.5937,0,0.579828
container,52196.5,13.39,31588.1,0.73,0.0379,0,0.018667
container,46608.7,13.82,33789.0,0.242,0.01,0,0.015782
container,53755.8,13.83,31448.2,0.496,0.0881,0,0.02036
container,49402.4,12.18,26497.9,1.272,0.4092,0,0.091872
container,61552.2,13.72,24104.1,0.0,0.0796,0,0.020917
container,66975.1,14.56,27498.2,1.002,0.4864,0,0.071888
container,52568.9,14.18,24922.7,0.369,0.0888,0,0.021622
container,53322.1,12.3,34141.5,0.281,0.0339,0,0.017267
container,61759.1,14.67,27619.5,0.873,0.0424,0,0.021979
container,48731.8,13.24,27080.8,0.757,0.0532,0,0.018263
container,68235.9,12.06,25222.9,0.292,0.0959,0,0.023917
container,54096.2,12.62,29591.1,1.239,0.5682,0,0.155768
container,47530.0,13.99,27800.8,2.317,0.8378,0,3.168514
container,49367.1,13.24,21935.7,1.031,0.4261,0,0.055332
container,68318.7,14.78,33038.1,1.927,0.9628,0,4.09517
container,51178.0,12.96,25385.2,0.553,0.0377,0,0.018795
container,61556.7,15.09,26488.7,1.845,0.7397,0,1.067173
container,48904.1,13.15,23085.0,0.885,0.35,0,0.039912
container,49852.5,14.48,28301.0,0.363,0.0008,0,0.017487
container,66981.0,15.2,30530.8,2.43,0.8857,0,7.507473
container,48700.8,13.54,33217.5,0.458,0.0436,0,0.016608
container,45468.8,12.19,20774.1,1.014,0.4546,0,0.048973
container,57530.8,14.14,34600.0,0.0,0.0026,0,0.019058
container,66568.2,15.98,30557.3,0.423,0.3004,0,0.031324
container,53149.8,15.88,24264.5,0.437,0.0015,0,0.018961
container,48204.1,12.88,23067.1,0.25,0.0475,0,0.016968
container,69555.8,15.02,24441.3,2.831,0.8411,0,14.049819
container,61918.5,13.38,33135.9,0.353,0.1069,0,0.022243
container,66267.3,12.64,24370.9,0.998,0.6384,0,0.133519
container,63803.5,14.66,26942.3,0.086,0.0157,0,0.020752
container,62456.1,14.0,30586.1,2.303,0.9561,0,6.928532
container,54614.1,14.16,33079.8,2.006,0.9636,0,3.685068
container,53108.5,15.31,29878.6,0.035,0.07,0,0.020425
container,62924.0,13.35,31296.6,0.601,0.0389,0,0.022251
container,62917.8,14.67,22599.9,1.416,0.6109,0,0.266305
container,68764.7,13.46,33161.1,1.902,0.9606,0,3.238433
container,59216.5,12.17,24135.8,1.394,0.6215,0,0.238895
container,52365.5,13.51,21925.7,2.173,0.9455,0,4.285819
container,57238.2,15.8,34643.7,0.823,0.4727,0,0.0584
container,60342.8,13.93,23024.6,0.292,0.0509,0,0.022447
container,55668.2,12.43,22049.8,1.946,0.8075,0,1.485696
container,64778.3,14.75,29390.3,0.832,0.264,0,0.036672
container,59615.3,15.85,24782.9,0.295,0.0977,0,0.025172
container,45235.9,15.63,22000.2,0.139,0.0386,0,0.017329
container,59246.0,14.29,29016.8,0.706,0.3128,0,0.037137
container,60840.1,13.51,31384.8,0.198,0.0606,0,0.020128
container,67881.5,14.32,31898.0,1.691,0.7083,0,0.664495
container,55343.0,15.26,22332.7,0.358,0.0832,0,0.018033
container,59361.7,15.44,28353.0,0.216,0.1562,0,0.022672
container,56874.9,15.28,32205.2,0.083,0.0137,0,0.02074
container,58291.4,13.82,22416.3,0.768,0.0818,0,0.022602
container,46682.6,12.48,23115.2,0.393,0.0788,0,0.019624
container,67432.1,14.28,20036.2,0.299,0.0412,0,0.021203
container,67760.3,12.63,27869.5,0.331,0.2855,0,0.025698
container,58701.5,12.24,22920.2,1.365,0.5845,0,0.194327
container,58913.9,13.99,30863.6,0.947,0.4572,0,0.05713
container,46438.9,14.62,34433.2,0.226,0.0578,0,0.019327
container,59948.8,15.42,23131.3,2.106,0.8259,0,2.742574
container,55728.8,15.13,29736.5,0.78,0.4043,0,0.04217
container,62726.1,15.43,23177.5,1.836,0.8614,0,1.64085
container,46178.1,15.04,20270.1,1.201,0.7267,0,0.215208
container,62772.2,14.81,31378.3,0.813,0.3915,0,0.052431
container,52172.3,12.04,26510.1,0.098,0.2132,0,0.019517
container,61292.6,14.5,34201.8,0.435,0.0793,0,0.022828
container,60678.1,12.48,28014.3,0.685,0.113,0,0.021286
container,50671.0,12.23,22362.2,1.978,0.9094,0,2.075763
container,56011.3,12.63,26746.6,0.738,0.4479,0,0.042742
container,65890.8,15.29,23043.4,0.448,0.074,0,0.025715
container,60139.8,14.98,33170.4,0.672,0.082,0,0.020769
container,46718.5,15.8,30363.5,0.0,0.0886,0,0.017799
container,56072.7,15.92,25118.6,2.072,0.8868,0,3.424459
container,52794.3,15.57,27917.3,1.846,0.82,0,1.281368
container,61041.1,12.53,30042.2,0.724,0.3836,0,0.043247
container,60364.1,15.51,31742.9,2.042,0.9188,0,3.683278
container,45260.0,15.35,21202.2,1.052,0.5737,0,0.110009
container,60192.4,15.48,20337.8,1.193,0.5953,0,0.186698
container,63371.2,12.61,21716.8,1.37,0.7121,0,0.343039
container,64218.3,12.47,25924.9,0.714,0.5009,0,0.046154
container,46474.4,15.7,27000.6,0.05,0.0192,0,0.016897
container,52591.5,12.7,22046.9,0.26,0.0072,0,0.019698
container,55531.8,13.47,26167.3,1.74,0.7335,0,0.644675
container,49494.3,13.82,26624.3,0.045,0.0722,0,0.019231
container,55518.3,12.5,21636.3,0.048,0.0311,0,0.017785
container,46778.2,12.08,33749.9,0.151,0.0438,0,0.016176
container,47830.4,15.98,28987.2,2.26,0.8999,0,4.688094
container,61717.4,15.51,25828.0,0.167,0.0081,0,0.021077
container,51564.3,15.65,27603.6,0.516,0.2921,0,0.029422
container,62785.1,13.14,24713.0,0.755,0.2874,0,0.030093
container,46202.7,12.88,32815.0,0.125,0.0985,0,0.017342
container,59067.6,13.7,28625.2,1.061,0.3509,0,0.041927
container,54786.2,13.81,27423.4,0.583,0.0917,0,0.021414
container,64924.3,12.02,33663.3,0.401,0.2926,0,0.028417
container,64598.8,15.12,32569.7,0.824,0.3323,0,0.046264
container,54389.0,15.99,32192.0,0.18,0.0839,0,0.019238
container,60567.9,14.11,23384.1,0.969,0.4596,0,0.057694
container,50688.7,13.55,22296.8,0.026,0.0885,0,0.017096
container,59510.2,13.57,30351.4,0.0,0.0792,0,0.020254
container,47031.6,12.38,27029.6,1.802,0.8382,0,0.910293
container,55865.1,13.06,30255.7,0.53,0.0476,0,0.01997
container,49568.2,14.01,31409.4,1.392,0.5479,0,0.184358
container,67084.5,13.73,24429.7,1.209,0.4863,0,0.139754
container,56122.5,14.18,24269.8,0.83,0.0677,0,0.023405
container,59769.3,15.4,27362.5,0.371,0.0669,0,0.023085
container,54009.5,12.9,24103.2,0.0,0.0368,0,0.017524
container,52218.5,12.11,30009.4,2.01,0.8833,0,1.893694
container,50073.0,12.15,31201.0,1.804,0.9144,0,1.570071
container,67796.8,12.54,27080.6,0.0,0.2009,0,0.019648
container,64986.6,14.28,30857.0,1.027,0.0594,0,0.024379
container,48331.5,15.23,27656.6,0.139,0.2903,0,0.020934
container,63668.1,15.55,30693.1,1.66,0.8114,0,1.07364
container,55463.3,14.54,23374.5,0.285,0.3122,0,0.024541
container,45384.9,13.61,31082.6,1.453,0.7031,0,0.332121
container,58209.2,12.62,30726.9,0.248,0.0275,0,0.017356
container,48251.2,13.61,23999.1,0.202,0.0583,0,0.018109
container,50248.4,13.33,28339.6,0.0,0.0818,0,0.017528
container,62401.0,15.48,32829.7,1.5,0.5231,0,0.255771
container,51428.6,13.95,23742.8,0.316,0.128,0,0.019478
container,67297.2,12.9,31039.7,1.574,0.7909,0,0.70456
container,61429.2,13.16,34309.5,0.96,0.2751,0,0.041843
container,65807.1,12.55,32993.6,0.283,0.41,0,0.027398
container,60379.7,15.67,26022.8,1.034,0.575,0,0.132823
container,66721.2,12.2,29108.1,1.003,0.3039,0,0.051874
container,54042.1,12.05,34876.6,0.39,0.0841,0,0.017671
container,58728.5,12.73,28526.6,0.345,0.195,0,0.022596
container,57897.3,15.24,21725.4,2.111,0.9283,0,4.282816
container,67594.8,14.09,20681.5,1.095,0.4006,0,0.067977
container,49122.9,14.5,31854.7,0.0,0.0642,0,0.017832
container,59451.5,13.43,26354.4,0.627,0.0061,0,0.019807
container,63860.8,12.27,23702.2,1.455,0.5687,0,0.233123
container,54251.2,15.42,25215.1,0.438,0.0414,0,0.019271
container,66689.5,12.77,31360.6,0.584,0.3778,0,0.041955
container,54325.4,12.13,26978.7,1.161,0.494,0,0.109949
container,49332.7,14.29,33027.5,0.679,0.0628,0,0.020854
container,59601.2,12.33,31023.9,2.289,0.9622,0,6.882945
container,55514.2,12.38,34610.2,0.769,0.4085,0,0.038923
container,45379.8,15.2,33327.6,0.293,0.0477,0,0.017548
container,46746.0,13.97,23818.2,1.126,0.6703,0,0.151055
container,49881.9,12.97,29885.9,1.522,0.7042,0,0.373641
container,64233.2,13.39,20308.1,1.793,0.7427,0,0.85277
container,67301.0,14.92,34866.6,0.361,0.0167,0,0.025096
container,58641.0,12.27,23915.1,0.196,0.0255,0,0.017453
container,47639.1,12.47,29971.9,0.526,0.0125,0,0.015997
container,58360.5,14.47,32737.3,0.687,0.0428,0,0.020536
container,66390.1,14.43,22407.0,2.114,0.8395,0,3.103561
container,63736.9,15.89,32718.2,0.0,0.0716,0,0.021317
container,52277.5,13.5,20183.7,1.342,0.5917,0,0.206647
container,48097.3,12.26,26629.7,0.188,0.0661,0,0.018035
container,67517.0,14.15,27080.6,2.019,0.8245,0,2.124712
container,66352.2,14.55,25611.4,0.329,0.0752,0,0.021477
container,46342.9,12.56,28795.8,0.973,0.006,0,0.014819
container,65591.9,14.21,33722.6,0.745,0.0332,0,0.024702
container,47430.3,12.79,24904.8,0.538,0.2685,0,0.02166
container,46582.1,15.38,28688.9,0.0,0.1304,0,0.018422
container,63965.0,15.34,33161.9,0.28,0.0424,0,0.023216
container,58407.8,13.72,31594.9,0.325,0.0579,0,0.021345
container,55363.7,15.87,20611.0,0.484,0.1217,0,0.0246
container,67596.6,15.92,34141.9,0.191,0.269,0,0.025164
container,65982.6,12.52,20699.7,0.472,0.1618,0,0.023279
container,46440.6,13.47,28831.4,0.0,0.051,0,0.017583
container,60402.2,14.4,28630.3,0.074,0.0558,0,0.0201
container,64306.7,12.34,31795.9,0.694,0.3036,0,0.027518
container,58762.3,13.53,22226.6,2.496,0.9805,0,14.081611
container,69575.1,13.04,22690.6,2.492,0.9875,0,14.296781
container,62151.2,15.81,31281.6,1.582,0.6005,0,0.370398
container,47603.6,13.65,22242.6,0.911,0.5042,0,0.059317
container,49957.5,15.05,27041.7,0.294,0.0123,0,0.018819
container,65656.1,13.55,30974.7,0.516,0.2641,0,0.032173
container,69918.9,12.53,29768.6,1.251,0.5631,0,0.189636
container,47458.5,15.45,23159.1,0.082,0.063,0,0.020497
container,47508.2,12.0,24559.4,0.995,0.6218,0,0.104704
container,64084.7,12.22,34534.6,1.583,0.7531,0,0.589642
container,46608.9,13.46,26730.1,1.538,0.6966,0,0.383927
container,46714.0,14.75,20666.9,0.815,0.6231,0,0.092618
container,67220.4,13.37,23293.8,1.38,0.7566,0,0.476368
container,65011.2,12.27,25136.5,1.481,0.8151,0,0.601777
container,67039.1,13.27,34992.3,1.603,0.5425,0,0.324626
container,61262.8,12.98,24540.4,1.363,0.7481,0,0.439934
container,53063.4,12.02,20395.9,1.24,0.6512,0,0.199818
container,67657.8,14.14,27693.8,1.346,0.7818,0,0.48264
container,52468.1,12.47,21254.1,2.051,0.9862,0,4.477926
container,51887.8,13.15,24111.0,2.282,0.9353,0,5.109879
container,67160.0,14.56,34885.7,0.0,0.0892,0,0.020472
container,62020.6,14.9,30569.6,1.936,0.894,0,2.662107
container,67391.8,13.05,20760.0,1.374,0.5529,0,0.218333
container,48897.5,13.32,26730.3,0.766,0.0597,0,0.019046
container,68807.4,12.99,22574.6,0.839,0.1791,0,0.031541
container,60318.6,15.83,21844.2,0.739,0.3388,0,0.033949
container,61700.9,12.76,28806.0,1.607,0.8035,0,0.742687
container,67851.5,12.73,27584.8,0.485,0.195,0,0.025472
container,54518.8,13.78,31143.0,0.507,0.3635,0,0.031975
container,62989.4,12.76,33384.6,1.92,0.8787,0,2.199776
container,61008.5,12.63,23700.2,0.102,0.0892,0,0.020888
container,64693.8,12.38,33844.9,2.384,0.8861,0,6.138815
container,67423.6,14.56,27769.9,1.31,0.3872,0,0.107865
container,62001.5,14.45,23882.5,1.793,0.8386,0,1.424338
container,46691.0,14.6,32686.8,0.412,0.0317,0,0.018878
container,49578.5,15.09,20532.9,0.109,0.0543,0,0.020474
container,68849.5,13.31,28392.6,1.834,0.8827,0,2.160375
container,69216.3,15.67,30824.3,0.527,0.2287,0,0.028456
container,69185.3,14.93,24199.7,0.344,0.0024,0,0.022718
container,45920.0,15.22,32952.4,2.488,0.9561,0,9.614759
container,54561.2,14.88,23604.3,1.769,0.7459,0,0.8104
container,63991.8,13.43,32598.1,0.363,0.0989,0,0.022914
container,63822.1,13.13,21178.2,0.326,0.0122,0,0.020519
container,47147.7,13.69,22398.9,0.789,0.432,0,0.042886
container,60237.2,12.39,25714.8,1.124,0.5978,0,0.143124
container,48571.7,13.81,32810.8,0.309,0.0202,0,0.016473
container,57330.2,12.17,22168.8,0.999,0.0942,0,0.021669
container,50992.1,12.02,33131.6,0.0,0.1319,0,0.016459
container,46329.0,15.73,23446.0,0.871,0.4405,0,0.043087
container,47000.5,14.76,26787.6,1.225,0.4243,0,0.096851
container,67772.3,14.25,25291.0,0.842,0.2773,0,0.039741
container,63616.1,13.36,21771.9,0.529,0.374,0,0.032216
container,68295.6,14.28,34164.6,0.86,0.3465,0,0.050488
container,56749.7,15.57,26572.7,0.547,0.0418,0,0.021841
container,55332.3,14.61,30355.0,0.251,0.0852,0,0.022345
container,53960.2,14.41,28629.0,0.0,0.0098,0,0.018975
container,60407.7,13.84,27525.7,0.499,0.1314,0,0.023997
container,53789.0,13.38,29248.7,0.458,0.1529,0,0.021168
container,63656.8,14.79,33475.1,0.462,0.3582,0,0.033067
container,65032.9,15.92,30489.7,1.314,0.4181,0,0.143364
container,66896.1,13.7,27987.2,1.837,0.8988,0,1.970399
container,51070.0,13.57,29677.8,0.529,0.296,0,0.02753
container,58175.6,13.71,29095.9,0.182,0.0715,0,0.019274
container,50586.1,13.7,26496.8,0.963,0.4009,0,0.049558
container,45938.9,15.96,29371.5,0.104,0.0623,0,0.017639
container,62695.6,14.83,26653.5,1.733,0.4723,0,0.266533
container,58724.5,13.44,31364.2,0.795,0.2989,0,0.035858
container,63098.2,13.49,34533.7,0.356,0.28,0,0.029476
container,47190.6,13.72,34398.0,0.357,0.0494,0,0.016419
container,69888.2,12.15,32311.0,0.212,0.184,0,0.020923
container,69858.7,14.11,29026.4,1.633,0.8269,0,0.957317
container,56625.0,15.25,31240.0,0.46,0.0017,0,0.018519
container,66651.5,14.64,22670.7,1.462,0.7584,0,0.487252
container,51089.2,12.79,27185.3,1.53,0.5785,0,0.249668
container,63439.2,14.91,23859.6,1.343,0.5306,0,0.195294
container,66980.6,14.88,20052.4,1.936,0.9066,0,2.654787
container,65366.7,13.05,34501.1,0.626,0.0343,0,0.021494
container,65294.4,14.49,32957.7,1.525,0.6271,0,0.346369
container,56575.7,14.44,27705.5,0.012,0.0457,0,0.022239
container,65499.7,15.36,23812.3,0.249,0.0279,0,0.021955
container,62267.6,12.54,30394.6,0.512,0.0035,0,0.018085
container,48311.3,12.78,26522.0,1.72,0.6995,0,0.537491
container,47854.6,13.94,32050.2,0.869,0.2429,0,0.029043
container,64298.1,12.18,34992.8,0.255,0.0521,0,0.023616
container,60636.6,13.66,25236.2,0.0,0.0799,0,0.019577
container,57984.4,15.15,23666.0,1.955,0.8576,0,2.177959
container,67681.5,12.59,24010.7,2.214,0.8391,0,3.5345
container,61489.8,13.84,21400.2,0.757,0.0526,0,0.021988
container,54903.7,15.96,25910.7,0.0,0.0808,0,0.019427
container,55348.3,14.02,20261.4,0.0,0.0273,0,0.020321
container,60131.1,13.99,21715.9,0.423,0.0979,0,0.023593
container,64006.9,14.24,24075.4,0.379,0.3817,0,0.027884
container,59108.8,12.74,22397.9,0.998,0.3088,0,0.038358
container,57719.0,12.59,30982.4,0.9,0.0271,0,0.016476
container,63172.5,14.71,21584.1,1.201,0.4159,0,0.078799
container,62631.6,13.58,32989.9,0.628,0.0806,0,0.023098
container,65758.7,13.16,23316.7,0.647,0.2696,0,0.032287
container,46563.8,12.13,21628.9,0.838,0.091,0,0.016978
